#property,value,lower_error,upper_error,source
Eccentricity b; $e_\mathrm{b}$,0.2871160625467433,0.1663716192745423,0.1863283837689504,derived
Argument of periastron b; $w_\mathrm{b}$ (deg),234.34477630172154,59.70249293916842,25.79095115649318,derived
